condition,state,seed,target_mean_hz,target_max_hz,quiet_target_count,PN_OFF20s_100ms_hz,PN_OFF19to20s_hz,PN_quiet,PN_stimulus_last500ms_hz,all_ten_rates_lower_than_paired_control,PN_OFF20s_100ms_hz_paired_delta,PN_OFF20s_100ms_hz_paired_pct_change,PN_OFF19to20s_hz_paired_delta,PN_OFF19to20s_hz_paired_pct_change,target_mean_hz_paired_delta,target_mean_hz_paired_pct_change,interpretation,ORN_111689_hz,ORN_140755_hz,ORN_153948_hz,ORN_189046_hz,ORN_211611_hz,ORN_222974_hz,ORN_513746_hz,ORN_669738951_hz,ORN_688942939_hz,ORN_76504_hz
control,hungry,2026091701,76.3,205,0,134.3731778425656,134.41690962099125,False,135.51895043731778,False,0.0,0.0,0.0,0.0,0.0,0.0,control,92,40,205,129,23,33,104,8,46,83
keep_unclear,hungry,2026091701,26.5,84,4,134.08163265306123,134.08454810495627,False,135.51895043731778,False,-0.2915451895043759,-0.2169668040789774,-0.3323615160349789,-0.24726168528358405,-49.8,-65.26867627785059,ten_ORNs_not_all_quiet,84,0,38,0,0,70,44,7,22,0
block_all,hungry,2026091701,1.9,19,9,134.28571428571428,134.18950437317784,False,135.51895043731778,True,-0.08746355685133267,-0.06509004122370321,-0.2274052478134081,-0.16917904782561832,-74.39999999999999,-97.50982961992136,ten_ORNs_not_all_quiet,0,0,19,0,0,0,0,0,0,0
control,satiated,2026091701,77.7,210,0,134.51895043731778,134.66909620991254,False,135.35568513119534,False,0.0,0.0,0.0,0.0,0.0,0.0,control,96,40,210,133,22,34,104,7,46,85
keep_unclear,satiated,2026091701,26.3,83,4,134.7521865889213,134.53644314868805,False,135.35568513119534,False,0.23323615160350641,0.1733853489380266,-0.13265306122448806,-0.0985029713258867,-51.400000000000006,-66.15186615186614,ten_ORNs_not_all_quiet,83,0,38,0,0,69,44,7,22,0
block_all,satiated,2026091701,2.0,20,9,133.8192419825073,134.44606413994168,False,135.35568513119534,True,-0.6997084548104908,-0.5201560468140354,-0.22303206997085567,-0.165614885855625,-75.7,-97.42599742599742,ten_ORNs_not_all_quiet,0,0,20,0,0,0,0,0,0,0
control,hungry,2026091711,74.7,201,0,132.84256559766763,132.67638483965015,False,134.12536443148687,False,0.0,0.0,0.0,0.0,0.0,0.0,control,87,40,201,131,19,31,105,5,45,83
keep_unclear,hungry,2026091711,25.7,83,5,133.00291545189503,132.85714285714286,False,134.12536443148687,False,0.16034985422740533,0.12070668276089602,0.1807580174927068,0.13623978201635634,-49.0,-65.59571619812583,ten_ORNs_not_all_quiet,83,0,38,0,0,68,43,3,22,0
block_all,hungry,2026091711,1.9,19,9,132.28862973760934,132.5860058309038,False,134.12536443148687,True,-0.5539358600582887,-0.4169867222648782,-0.09037900874636762,-0.06811989100817817,-72.8,-97.45649263721553,ten_ORNs_not_all_quiet,0,0,19,0,0,0,0,0,0,0
control,satiated,2026091711,76.0,206,0,133.8338192419825,134.12827988338194,False,135.0262390670554,False,0.0,0.0,0.0,0.0,0.0,0.0,control,94,40,206,126,22,33,102,8,46,83
keep_unclear,satiated,2026091711,26.8,84,4,134.46064139941691,134.3134110787172,False,135.0262390670554,False,0.6268221574344182,0.468358566604965,0.18513119533525924,0.13802547493804163,-49.2,-64.73684210526316,ten_ORNs_not_all_quiet,84,0,38,0,0,70,45,8,23,0
block_all,satiated,2026091711,1.9,19,9,134.81049562682216,134.4125364431487,False,135.0262390670554,True,0.9766763848396636,0.7297679991286499,0.2842565597667601,0.21192887884189382,-74.1,-97.5,ten_ORNs_not_all_quiet,0,0,19,0,0,0,0,0,0,0
control,hungry,2026091721,76.4,205,0,135.01457725947523,134.87755102040816,False,135.72303206997086,False,0.0,0.0,0.0,0.0,0.0,0.0,control,94,39,205,126,23,34,105,8,46,84
keep_unclear,hungry,2026091721,26.6,83,4,134.59183673469389,134.57434402332362,False,135.72303206997086,False,-0.4227405247813465,-0.3131073202332191,-0.3032069970845441,-0.2248016773663597,-49.800000000000004,-65.18324607329843,ten_ORNs_not_all_quiet,83,0,38,0,0,70,44,8,23,0
block_all,hungry,2026091721,1.9,19,9,134.32944606413994,134.3921282798834,False,135.72303206997086,True,-0.6851311953352877,-0.507449794860726,-0.4854227405247684,-0.3598988392451763,-74.5,-97.5130890052356,ten_ORNs_not_all_quiet,0,0,19,0,0,0,0,0,0,0
control,satiated,2026091721,76.8,204,0,134.51895043731778,134.34985422740525,False,134.86297376093293,False,0.0,0.0,0.0,0.0,0.0,0.0,control,94,40,204,133,22,33,103,8,46,85
keep_unclear,satiated,2026091721,26.9,84,4,134.43148688046648,134.39067055393585,False,134.86297376093293,False,-0.08746355685130425,-0.06501950585174887,0.040816326530602964,0.030380625840886744,-49.9,-64.97395833333333,ten_ORNs_not_all_quiet,84,0,39,0,0,70,45,8,23,0
block_all,satiated,2026091721,2.0,20,9,134.25655976676384,134.36297376093293,False,134.86297376093293,True,-0.26239067055394116,-0.19505851755526882,0.01311953352768569,0.009765201163136616,-74.8,-97.39583333333334,ten_ORNs_not_all_quiet,0,0,20,0,0,0,0,0,0,0
control,hungry,2026091731,76.4,207,0,134.12536443148687,134.43731778425655,False,135.56268221574345,False,0.0,0.0,0.0,0.0,0.0,0.0,control,93,39,207,133,22,34,101,7,46,82
keep_unclear,hungry,2026091731,26.4,83,4,134.35860058309038,134.3615160349854,False,135.56268221574345,False,0.23323615160350641,0.17389414194108888,-0.07580174927113603,-0.05638445523941105,-50.00000000000001,-65.44502617801047,ten_ORNs_not_all_quiet,83,0,38,0,0,69,44,8,22,0
block_all,hungry,2026091731,1.9,19,9,134.51895043731778,134.32944606413994,False,135.56268221574345,True,0.39358600583091174,0.2934463645255958,-0.10787172011660573,-0.08023941707147042,-74.5,-97.5130890052356,ten_ORNs_not_all_quiet,0,0,19,0,0,0,0,0,0,0
control,satiated,2026091731,74.6,206,0,133.42565597667638,133.21865889212827,False,134.1195335276968,False,0.0,0.0,0.0,0.0,0.0,0.0,control,88,40,206,128,18,30,101,7,45,83
keep_unclear,satiated,2026091731,26.2,84,4,132.75510204081633,133.16326530612244,False,134.1195335276968,False,-0.6705539358600561,-0.5025674642193834,-0.05539358600583455,-0.04158095154724872,-48.39999999999999,-64.87935656836461,ten_ORNs_not_all_quiet,84,0,37,0,0,69,43,7,22,0
block_all,satiated,2026091731,1.9,19,9,132.47813411078718,132.85276967930028,False,134.1195335276968,True,-0.9475218658892004,-0.7101496777012883,-0.36588921282799447,-0.2746531273252528,-72.69999999999999,-97.45308310991958,ten_ORNs_not_all_quiet,0,0,19,0,0,0,0,0,0,0
